{"cameraMode":{"drawMode":0,"name":"Shaded","section":"Shading Mode"},"sceneLighting":true,"audioPlay":false,"sceneViewState":{"m_AlwaysRefresh":false,"showFog":true,"showSkybox":true,"showFlares":true,"showImageEffects":true,"showParticleSystems":true,"showVisualEffectGraphs":true,"m_FxEnabled":true},"in2DMode":false,"pivot":{"x":-1.6242872476577759,"y":0.32687127590179446,"z":4.9472880363464359},"rotation":{"x":0.15064452588558198,"y":-0.3696557879447937,"z":0.0608692429959774,"w":0.9148570895195007},"size":6.45338249206543,"orthographic":false}